abstract_sku,concrete_sku,price_type,store,currency,value_net,value_gross,price_data.volume_prices
SPORTS0,,DEFAULT,DE,EUR,999,999,
SPORTS1,,DEFAULT,DE,EUR,800,800,
SPORTS2,,DEFAULT,DE,EUR,3000,3000,
SPORTS3,,DEFAULT,DE,EUR,2499,2499,
SPORTS4,,DEFAULT,DE,EUR,7000,7000,
SPORTS5,,DEFAULT,DE,EUR,8999,8999,
SPORTS6,,DEFAULT,DE,EUR,999,999,
SPORTS7,,DEFAULT,DE,EUR,1599,1599,
SPORTS8,,DEFAULT,DE,EUR,599,599,
SPORTS9,,DEFAULT,DE,EUR,1299,1299,
SPORTS10,,DEFAULT,DE,EUR,1399,1399,
SPORTS11,,DEFAULT,DE,EUR,2000,2000,
SPORTS12,,DEFAULT,DE,EUR,1499,1499,
SPORTS13,,DEFAULT,DE,EUR,799,799,
SPORTS14,,DEFAULT,DE,EUR,1699,1699,
SPORTS15,,DEFAULT,DE,EUR,1499,1499,
SPORTS16,,DEFAULT,DE,EUR,1000,1000,
SPORTS17,,DEFAULT,DE,EUR,1499,1499,
SPORTS18,,DEFAULT,DE,EUR,999,999,
SPORTS19,,DEFAULT,DE,EUR,3999,3999,
SPORTS20,,DEFAULT,DE,EUR,799,799,
SPORTS21,,DEFAULT,DE,EUR,2199,2199,
SPORTS22,,DEFAULT,DE,EUR,7000,7000,
SPORTS23,,DEFAULT,DE,EUR,7000,7000,
SPORTS24,,DEFAULT,DE,EUR,2499,2499,
SPORTS25,,DEFAULT,DE,EUR,6000,6000,
SPORTS26,,DEFAULT,DE,EUR,599,599,
SPORTS27,,DEFAULT,DE,EUR,2500,2500,
SPORTS28,,DEFAULT,DE,EUR,5999,5999,
SPORTS29,,DEFAULT,DE,EUR,3000,3000,
SPORTS30,,DEFAULT,DE,EUR,1999,1999,
SPORTS31,,DEFAULT,DE,EUR,2499,2499,
SPORTS32,,DEFAULT,DE,EUR,1499,1499,
SPORTS33,,DEFAULT,DE,EUR,1699,1699,
SPORTS34,,DEFAULT,DE,EUR,2999,2999,
SPORTS35,,DEFAULT,DE,EUR,999,999,
SPORTS36,,DEFAULT,DE,EUR,1099,1099,
SPORTS37,,DEFAULT,DE,EUR,999,999,
SPORTS38,,DEFAULT,DE,EUR,1999,1999,
SPORTS39,,DEFAULT,DE,EUR,1300,1300,
SPORTS40,,DEFAULT,DE,EUR,1499,1499,
SPORTS41,,DEFAULT,DE,EUR,1299,1299,
SPORTS42,,DEFAULT,DE,EUR,6999,6999,
SPORTS43,,DEFAULT,DE,EUR,3999,3999,
SPORTS44,,DEFAULT,DE,EUR,999,999,
SPORTS45,,DEFAULT,DE,EUR,899,899,
SPORTS46,,DEFAULT,DE,EUR,1299,1299,
SPORTS47,,DEFAULT,DE,EUR,5999,5999,
SPORTS48,,DEFAULT,DE,EUR,1000,1000,
SPORTS49,,DEFAULT,DE,EUR,1199,1199,
SPORTS50,,DEFAULT,DE,EUR,999,999,
SPORTS51,,DEFAULT,DE,EUR,2499,2499,
SPORTS52,,DEFAULT,DE,EUR,2199,2199,
SPORTS53,,DEFAULT,DE,EUR,2299,2299,
SPORTS54,,DEFAULT,DE,EUR,999,999,
SPORTS55,,DEFAULT,DE,EUR,1499,1499,
SPORTS56,,DEFAULT,DE,EUR,2499,2499,
SPORTS57,,DEFAULT,DE,EUR,1999,1999,
SPORTS58,,DEFAULT,DE,EUR,1699,1699,
SPORTS59,,DEFAULT,DE,EUR,999,999,
SPORTS60,,DEFAULT,DE,EUR,1000,1000,
SPORTS61,,DEFAULT,DE,EUR,3499,3499,
SPORTS62,,DEFAULT,DE,EUR,6499,6499,
SPORTS63,,DEFAULT,DE,EUR,3999,3999,
SPORTS64,,DEFAULT,DE,EUR,8999,8999,
SPORTS65,,DEFAULT,DE,EUR,4999,4999,
SPORTS66,,DEFAULT,DE,EUR,1699,1699,
SPORTS67,,DEFAULT,DE,EUR,500,500,
SPORTS68,,DEFAULT,DE,EUR,2499,2499,
SPORTS69,,DEFAULT,DE,EUR,2499,2499,
SPORTS70,,DEFAULT,DE,EUR,700,700,
SPORTS71,,DEFAULT,DE,EUR,1399,1399,
SPORTS72,,DEFAULT,DE,EUR,5999,5999,
SPORTS73,,DEFAULT,DE,EUR,999,999,
SPORTS74,,DEFAULT,DE,EUR,999,999,
SPORTS75,,DEFAULT,DE,EUR,1699,1699,
SPORTS76,,DEFAULT,DE,EUR,4999,4999,
SPORTS77,,DEFAULT,DE,EUR,1500,1500,
SPORTS78,,DEFAULT,DE,EUR,1699,1699,
SPORTS79,,DEFAULT,DE,EUR,7999,7999,
SPORTS80,,DEFAULT,DE,EUR,3000,3000,
SPORTS81,,DEFAULT,DE,EUR,999,999,
SPORTS82,,DEFAULT,DE,EUR,2999,2999,
SPORTS83,,DEFAULT,DE,EUR,2499,2499,
SPORTS84,,DEFAULT,DE,EUR,999,999,
SPORTS85,,DEFAULT,DE,EUR,5999,5999,
SPORTS86,,DEFAULT,DE,EUR,999,999,
SPORTS87,,DEFAULT,DE,EUR,3499,3499,
SPORTS88,,DEFAULT,DE,EUR,7999,7999,
SPORTS89,,DEFAULT,DE,EUR,2499,2499,
SPORTS90,,DEFAULT,DE,EUR,899,899,
SPORTS91,,DEFAULT,DE,EUR,1999,1999,
SPORTS92,,DEFAULT,DE,EUR,3999,3999,
SPORTS93,,DEFAULT,DE,EUR,999,999,
SPORTS94,,DEFAULT,DE,EUR,1299,1299,
SPORTS95,,DEFAULT,DE,EUR,5999,5999,
SPORTS96,,DEFAULT,DE,EUR,3999,3999,
SPORTS97,,DEFAULT,DE,EUR,800,800,
SPORTS98,,DEFAULT,DE,EUR,1999,1999,
SPORTS99,,DEFAULT,DE,EUR,2000,2000,
SPORTS100,,DEFAULT,DE,EUR,999,999,
SPORTS101,,DEFAULT,DE,EUR,700,700,
SPORTS102,,DEFAULT,DE,EUR,2999,2999,
SPORTS103,,DEFAULT,DE,EUR,3499,3499,
SPORTS104,,DEFAULT,DE,EUR,1699,1699,
SPORTS105,,DEFAULT,DE,EUR,6999,6999,
SPORTS106,,DEFAULT,DE,EUR,3999,3999,
SPORTS107,,DEFAULT,DE,EUR,2999,2999,
SPORTS108,,DEFAULT,DE,EUR,2000,2000,
SPORTS109,,DEFAULT,DE,EUR,4999,4999,
SPORTS110,,DEFAULT,DE,EUR,4999,4999,
SPORTS111,,DEFAULT,DE,EUR,1000,1000,
SPORTS112,,DEFAULT,DE,EUR,2499,2499,
SPORTS113,,DEFAULT,DE,EUR,2999,2999,
SPORTS114,,DEFAULT,DE,EUR,1499,1499,
SPORTS115,,DEFAULT,DE,EUR,5999,5999,
SPORTS116,,DEFAULT,DE,EUR,899,899,
SPORTS117,,DEFAULT,DE,EUR,1999,1999,
SPORTS118,,DEFAULT,DE,EUR,4999,4999,
SPORTS119,,DEFAULT,DE,EUR,1500,1500,
SPORTS120,,DEFAULT,DE,EUR,1999,1999,
SPORTS121,,DEFAULT,DE,EUR,1500,1500,
SPORTS122,,DEFAULT,DE,EUR,2499,2499,
SPORTS123,,DEFAULT,DE,EUR,3499,3499,
SPORTS124,,DEFAULT,DE,EUR,1499,1499,
SPORTS125,,DEFAULT,DE,EUR,999,999,
SPORTS126,,DEFAULT,DE,EUR,499,499,
SPORTS127,,DEFAULT,DE,EUR,2999,2999,
SPORTS128,,DEFAULT,DE,EUR,600,600,
SPORTS129,,DEFAULT,DE,EUR,5999,5999,
SPORTS130,,DEFAULT,DE,EUR,4499,4499,
SPORTS131,,DEFAULT,DE,EUR,2499,2499,
SPORTS132,,DEFAULT,DE,EUR,3999,3999,
SPORTS133,,DEFAULT,DE,EUR,999,999,
SPORTS134,,DEFAULT,DE,EUR,1000,1000,
SPORTS135,,DEFAULT,DE,EUR,8000,8000,
SPORTS136,,DEFAULT,DE,EUR,8999,8999,
SPORTS137,,DEFAULT,DE,EUR,14900,14900,
SPORTS138,,DEFAULT,DE,EUR,300,300,
SPORTS139,,DEFAULT,DE,EUR,799,799,
SPORTS140,,DEFAULT,DE,EUR,2499,2499,
SPORTS141,,DEFAULT,DE,EUR,999,999,
SPORTS142,,DEFAULT,DE,EUR,3499,3499,
SPORTS143,,DEFAULT,DE,EUR,2499,2499,
SPORTS144,,DEFAULT,DE,EUR,2499,2499,
SPORTS145,,DEFAULT,DE,EUR,1499,1499,
SPORTS146,,DEFAULT,DE,EUR,3000,3000,
SPORTS147,,DEFAULT,DE,EUR,4999,4999,
SPORTS148,,DEFAULT,DE,EUR,5499,5499,
SPORTS149,,DEFAULT,DE,EUR,2499,2499,
SPORTS150,,DEFAULT,DE,EUR,1000,1000,
SPORTS151,,DEFAULT,DE,EUR,2499,2499,
SPORTS152,,DEFAULT,DE,EUR,1000,1000,
SPORTS153,,DEFAULT,DE,EUR,500,500,
SPORTS154,,DEFAULT,DE,EUR,5999,5999,
SPORTS155,,DEFAULT,DE,EUR,10000,10000,
SPORTS156,,DEFAULT,DE,EUR,2999,2999,
SPORTS157,,DEFAULT,DE,EUR,4999,4999,
SPORTS158,,DEFAULT,DE,EUR,799,799,
SPORTS159,,DEFAULT,DE,EUR,399,399,
SPORTS160,,DEFAULT,DE,EUR,799,799,
SPORTS161,,DEFAULT,DE,EUR,1700,1700,
SPORTS162,,DEFAULT,DE,EUR,999,999,
SPORTS163,,DEFAULT,DE,EUR,1399,1399,
SPORTS164,,DEFAULT,DE,EUR,1299,1299,
SPORTS165,,DEFAULT,DE,EUR,2000,2000,
SPORTS166,,DEFAULT,DE,EUR,1299,1299,
SPORTS167,,DEFAULT,DE,EUR,800,800,
SPORTS168,,DEFAULT,DE,EUR,2999,2999,
SPORTS169,,DEFAULT,DE,EUR,800,800,
SPORTS170,,DEFAULT,DE,EUR,999,999,
SPORTS171,,DEFAULT,DE,EUR,3499,3499,
SPORTS172,,DEFAULT,DE,EUR,6999,6999,
SPORTS173,,DEFAULT,DE,EUR,2000,2000,
SPORTS174,,DEFAULT,DE,EUR,200,200,
SPORTS175,,DEFAULT,DE,EUR,2999,2999,
SPORTS176,,DEFAULT,DE,EUR,7999,7999,
SPORTS177,,DEFAULT,DE,EUR,6499,6499,
SPORTS178,,DEFAULT,DE,EUR,2699,2699,
SPORTS179,,DEFAULT,DE,EUR,3999,3999,
SPORTS180,,DEFAULT,DE,EUR,1000,1000,
SPORTS181,,DEFAULT,DE,EUR,2000,2000,
SPORTS182,,DEFAULT,DE,EUR,3499,3499,
SPORTS183,,DEFAULT,DE,EUR,2499,2499,
SPORTS184,,DEFAULT,DE,EUR,3999,3999,
SPORTS185,,DEFAULT,DE,EUR,999,999,
SPORTS186,,DEFAULT,DE,EUR,1499,1499,
SPORTS187,,DEFAULT,DE,EUR,3999,3999,
SPORTS188,,DEFAULT,DE,EUR,1199,1199,
SPORTS189,,DEFAULT,DE,EUR,300,300,
SPORTS190,,DEFAULT,DE,EUR,500,500,
SPORTS191,,DEFAULT,DE,EUR,2499,2499,
SPORTS192,,DEFAULT,DE,EUR,7999,7999,
SPORTS193,,DEFAULT,DE,EUR,999,999,
SPORTS194,,DEFAULT,DE,EUR,6999,6999,
SPORTS195,,DEFAULT,DE,EUR,499,499,
SPORTS196,,DEFAULT,DE,EUR,12900,12900,
SPORTS197,,DEFAULT,DE,EUR,2999,2999,
SPORTS198,,DEFAULT,DE,EUR,3000,3000,
SPORTS199,,DEFAULT,DE,EUR,6999,6999,
SPORTS200,,DEFAULT,DE,EUR,4500,4500,
SPORTS201,,DEFAULT,DE,EUR,500,500,
SPORTS202,,DEFAULT,DE,EUR,3000,3000,
SPORTS203,,DEFAULT,DE,EUR,1999,1999,
SPORTS204,,DEFAULT,DE,EUR,1299,1299,
SPORTS205,,DEFAULT,DE,EUR,7999,7999,
SPORTS206,,DEFAULT,DE,EUR,7999,7999,
SPORTS207,,DEFAULT,DE,EUR,1699,1699,
SPORTS208,,DEFAULT,DE,EUR,4999,4999,
SPORTS209,,DEFAULT,DE,EUR,2999,2999,
SPORTS210,,DEFAULT,DE,EUR,2999,2999,
SPORTS211,,DEFAULT,DE,EUR,2500,2500,
SPORTS212,,DEFAULT,DE,EUR,4999,4999,
SPORTS213,,DEFAULT,DE,EUR,2000,2000,
SPORTS214,,DEFAULT,DE,EUR,2999,2999,
SPORTS215,,DEFAULT,DE,EUR,2999,2999,
SPORTS216,,DEFAULT,DE,EUR,3999,3999,
SPORTS217,,DEFAULT,DE,EUR,899,899,
SPORTS218,,DEFAULT,DE,EUR,2000,2000,
SPORTS219,,DEFAULT,DE,EUR,1000,1000,
SPORTS220,,DEFAULT,DE,EUR,2000,2000,
SPORTS221,,DEFAULT,DE,EUR,1699,1699,
SPORTS222,,DEFAULT,DE,EUR,3499,3499,
SPORTS223,,DEFAULT,DE,EUR,1499,1499,
SPORTS224,,DEFAULT,DE,EUR,3999,3999,
SPORTS225,,DEFAULT,DE,EUR,1499,1499,
SPORTS226,,DEFAULT,DE,EUR,1000,1000,
SPORTS227,,DEFAULT,DE,EUR,9000,9000,
SPORTS228,,DEFAULT,DE,EUR,6999,6999,
SPORTS229,,DEFAULT,DE,EUR,999,999,
SPORTS230,,DEFAULT,DE,EUR,500,500,
SPORTS231,,DEFAULT,DE,EUR,599,599,
SPORTS232,,DEFAULT,DE,EUR,4500,4500,
SPORTS233,,DEFAULT,DE,EUR,2000,2000,
SPORTS234,,DEFAULT,DE,EUR,500,500,
SPORTS235,,DEFAULT,DE,EUR,15000,15000,
SPORTS236,,DEFAULT,DE,EUR,3499,3499,
SPORTS237,,DEFAULT,DE,EUR,1999,1999,
SPORTS238,,DEFAULT,DE,EUR,1299,1299,
SPORTS239,,DEFAULT,DE,EUR,3000,3000,
SPORTS240,,DEFAULT,DE,EUR,799,799,
SPORTS241,,DEFAULT,DE,EUR,4999,4999,
SPORTS242,,DEFAULT,DE,EUR,8999,8999,
SPORTS243,,DEFAULT,DE,EUR,18900,18900,
SPORTS244,,DEFAULT,DE,EUR,300,300,
SPORTS245,,DEFAULT,DE,EUR,300,300,
SPORTS246,,DEFAULT,DE,EUR,1699,1699,
SPORTS247,,DEFAULT,DE,EUR,1500,1500,
SPORTS248,,DEFAULT,DE,EUR,1499,1499,
SPORTS249,,DEFAULT,DE,EUR,5000,5000,
SPORTS250,,DEFAULT,DE,EUR,1000,1000,
SPORTS251,,DEFAULT,DE,EUR,4999,4999,
SPORTS252,,DEFAULT,DE,EUR,5999,5999,
SPORTS253,,DEFAULT,DE,EUR,1000,1000,
SPORTS254,,DEFAULT,DE,EUR,3000,3000,
SPORTS255,,DEFAULT,DE,EUR,6000,6000,
SPORTS256,,DEFAULT,DE,EUR,2499,2499,
SPORTS257,,DEFAULT,DE,EUR,2000,2000,
SPORTS258,,DEFAULT,DE,EUR,1699,1699,
SPORTS259,,DEFAULT,DE,EUR,4500,4500,
SPORTS260,,DEFAULT,DE,EUR,1299,1299,
SPORTS261,,DEFAULT,DE,EUR,1499,1499,
SPORTS262,,DEFAULT,DE,EUR,400,400,
SPORTS263,,DEFAULT,DE,EUR,2999,2999,
SPORTS264,,DEFAULT,DE,EUR,2000,2000,
SPORTS265,,DEFAULT,DE,EUR,7999,7999,
SPORTS266,,DEFAULT,DE,EUR,2499,2499,
SPORTS267,,DEFAULT,DE,EUR,2000,2000,
SPORTS268,,DEFAULT,DE,EUR,999,999,
SPORTS269,,DEFAULT,DE,EUR,4000,4000,
SPORTS270,,DEFAULT,DE,EUR,2000,2000,
SPORTS271,,DEFAULT,DE,EUR,3499,3499,
SPORTS272,,DEFAULT,DE,EUR,1000,1000,
SPORTS273,,DEFAULT,DE,EUR,4000,4000,
SPORTS274,,DEFAULT,DE,EUR,4499,4499,
SPORTS275,,DEFAULT,DE,EUR,2999,2999,
SPORTS276,,DEFAULT,DE,EUR,1999,1999,
SPORTS277,,DEFAULT,DE,EUR,499,499,
SPORTS278,,DEFAULT,DE,EUR,9999,9999,
SPORTS279,,DEFAULT,DE,EUR,2999,2999,
SPORTS280,,DEFAULT,DE,EUR,11900,11900,
SPORTS281,,DEFAULT,DE,EUR,4999,4999,
SPORTS282,,DEFAULT,DE,EUR,2999,2999,
SPORTS283,,DEFAULT,DE,EUR,1000,1000,
SPORTS284,,DEFAULT,DE,EUR,1199,1199,
SPORTS285,,DEFAULT,DE,EUR,4999,4999,
SPORTS286,,DEFAULT,DE,EUR,8999,8999,
SPORTS287,,DEFAULT,DE,EUR,800,800,
SPORTS288,,DEFAULT,DE,EUR,1999,1999,
SPORTS289,,DEFAULT,DE,EUR,3000,3000,
SPORTS290,,DEFAULT,DE,EUR,2499,2499,
SPORTS291,,DEFAULT,DE,EUR,1000,1000,
SPORTS292,,DEFAULT,DE,EUR,2499,2499,
SPORTS293,,DEFAULT,DE,EUR,4000,4000,
SPORTS294,,DEFAULT,DE,EUR,6999,6999,
SPORTS295,,DEFAULT,DE,EUR,500,500,
SPORTS296,,DEFAULT,DE,EUR,8999,8999,
SPORTS297,,DEFAULT,DE,EUR,7999,7999,
SPORTS298,,DEFAULT,DE,EUR,1000,1000,
SPORTS299,,DEFAULT,DE,EUR,500,500,
SPORTS300,,DEFAULT,DE,EUR,2000,2000,
SPORTS301,,DEFAULT,DE,EUR,2000,2000,
SPORTS302,,DEFAULT,DE,EUR,300,300,
SPORTS303,,DEFAULT,DE,EUR,1000,1000,
SPORTS304,,DEFAULT,DE,EUR,2500,2500,
SPORTS305,,DEFAULT,DE,EUR,4500,4500,
SPORTS306,,DEFAULT,DE,EUR,4000,4000,
SPORTS307,,DEFAULT,DE,EUR,1000,1000,
SPORTS308,,DEFAULT,DE,EUR,2999,2999,
SPORTS309,,DEFAULT,DE,EUR,300,300,
SPORTS310,,DEFAULT,DE,EUR,2999,2999,
SPORTS311,,DEFAULT,DE,EUR,2999,2999,
SPORTS312,,DEFAULT,DE,EUR,999,999,
SPORTS313,,DEFAULT,DE,EUR,4000,4000,
SPORTS314,,DEFAULT,DE,EUR,1500,1500,
SPORTS315,,DEFAULT,DE,EUR,1500,1500,
SPORTS316,,DEFAULT,DE,EUR,1799,1799,
SPORTS317,,DEFAULT,DE,EUR,1499,1499,
SPORTS318,,DEFAULT,DE,EUR,2000,2000,
SPORTS319,,DEFAULT,DE,EUR,1000,1000,
SPORTS320,,DEFAULT,DE,EUR,1499,1499,
SPORTS321,,DEFAULT,DE,EUR,1500,1500,
SPORTS322,,DEFAULT,DE,EUR,1000,1000,
SPORTS323,,DEFAULT,DE,EUR,1999,1999,
SPORTS324,,DEFAULT,DE,EUR,3499,3499,
SPORTS325,,DEFAULT,DE,EUR,1999,1999,
SPORTS326,,DEFAULT,DE,EUR,19000,19000,
SPORTS327,,DEFAULT,DE,EUR,6000,6000,
SPORTS328,,DEFAULT,DE,EUR,10000,10000,
SPORTS329,,DEFAULT,DE,EUR,1299,1299,
SPORTS330,,DEFAULT,DE,EUR,2999,2999,
SPORTS331,,DEFAULT,DE,EUR,2299,2299,
SPORTS332,,DEFAULT,DE,EUR,7999,7999,
SPORTS333,,DEFAULT,DE,EUR,1499,1499,
SPORTS334,,DEFAULT,DE,EUR,1500,1500,
SPORTS335,,DEFAULT,DE,EUR,3499,3499,
SPORTS336,,DEFAULT,DE,EUR,1000,1000,
SPORTS337,,DEFAULT,DE,EUR,999,999,
SPORTS338,,DEFAULT,DE,EUR,2499,2499,
SPORTS339,,DEFAULT,DE,EUR,2000,2000,
SPORTS340,,DEFAULT,DE,EUR,1500,1500,
SPORTS341,,DEFAULT,DE,EUR,1000,1000,
SPORTS342,,DEFAULT,DE,EUR,3999,3999,
SPORTS343,,DEFAULT,DE,EUR,799,799,
SPORTS344,,DEFAULT,DE,EUR,2000,2000,
SPORTS345,,DEFAULT,DE,EUR,9000,9000,
SPORTS346,,DEFAULT,DE,EUR,2500,2500,
SPORTS347,,DEFAULT,DE,EUR,2299,2299,
SPORTS348,,DEFAULT,DE,EUR,1500,1500,
SPORTS349,,DEFAULT,DE,EUR,300,300,
SPORTS350,,DEFAULT,DE,EUR,1500,1500,
SPORTS351,,DEFAULT,DE,EUR,2000,2000,
SPORTS352,,DEFAULT,DE,EUR,799,799,
SPORTS353,,DEFAULT,DE,EUR,5999,5999,
SPORTS354,,DEFAULT,DE,EUR,500,500,
SPORTS355,,DEFAULT,DE,EUR,500,500,
SPORTS356,,DEFAULT,DE,EUR,1999,1999,
SPORTS357,,DEFAULT,DE,EUR,5000,5000,
SPORTS358,,DEFAULT,DE,EUR,7999,7999,
SPORTS359,,DEFAULT,DE,EUR,1000,1000,
SPORTS360,,DEFAULT,DE,EUR,7499,7499,
SPORTS361,,DEFAULT,DE,EUR,1499,1499,
SPORTS362,,DEFAULT,DE,EUR,3999,3999,
SPORTS363,,DEFAULT,DE,EUR,1299,1299,
SPORTS364,,DEFAULT,DE,EUR,3000,3000,
SPORTS365,,DEFAULT,DE,EUR,17900,17900,
SPORTS366,,DEFAULT,DE,EUR,3000,3000,
SPORTS367,,DEFAULT,DE,EUR,2500,2500,
SPORTS368,,DEFAULT,DE,EUR,2999,2999,
SPORTS369,,DEFAULT,DE,EUR,1000,1000,
SPORTS370,,DEFAULT,DE,EUR,4500,4500,
SPORTS371,,DEFAULT,DE,EUR,1000,1000,
SPORTS372,,DEFAULT,DE,EUR,699,699,
SPORTS373,,DEFAULT,DE,EUR,1799,1799,
SPORTS374,,DEFAULT,DE,EUR,2000,2000,
SPORTS375,,DEFAULT,DE,EUR,1500,1500,
SPORTS376,,DEFAULT,DE,EUR,1000,1000,
SPORTS377,,DEFAULT,DE,EUR,5000,5000,
SPORTS378,,DEFAULT,DE,EUR,8000,8000,
SPORTS379,,DEFAULT,DE,EUR,3499,3499,
SPORTS380,,DEFAULT,DE,EUR,2999,2999,
SPORTS381,,DEFAULT,DE,EUR,300,300,
SPORTS382,,DEFAULT,DE,EUR,1000,1000,
SPORTS383,,DEFAULT,DE,EUR,2499,2499,
SPORTS384,,DEFAULT,DE,EUR,500,500,
SPORTS385,,DEFAULT,DE,EUR,2000,2000,
SPORTS386,,DEFAULT,DE,EUR,2000,2000,
SPORTS387,,DEFAULT,DE,EUR,400,400,
SPORTS388,,DEFAULT,DE,EUR,1000,1000,
SPORTS389,,DEFAULT,DE,EUR,6000,6000,
SPORTS390,,DEFAULT,DE,EUR,3000,3000,
SPORTS391,,DEFAULT,DE,EUR,6999,6999,
SPORTS392,,DEFAULT,DE,EUR,8999,8999,
SPORTS393,,DEFAULT,DE,EUR,2000,2000,
SPORTS394,,DEFAULT,DE,EUR,2000,2000,
SPORTS395,,DEFAULT,DE,EUR,1500,1500,
SPORTS396,,DEFAULT,DE,EUR,500,500,
SPORTS397,,DEFAULT,DE,EUR,2500,2500,
SPORTS398,,DEFAULT,DE,EUR,700,700,
SPORTS399,,DEFAULT,DE,EUR,2000,2000,
SPORTS400,,DEFAULT,DE,EUR,2000,2000,
SPORTS401,,DEFAULT,DE,EUR,2999,2999,
SPORTS402,,DEFAULT,DE,EUR,1000,1000,
SPORTS403,,DEFAULT,DE,EUR,800,800,
SPORTS404,,DEFAULT,DE,EUR,2000,2000,
SPORTS405,,DEFAULT,DE,EUR,2000,2000,
SPORTS406,,DEFAULT,DE,EUR,500,500,
SPORTS407,,DEFAULT,DE,EUR,2999,2999,
SPORTS408,,DEFAULT,DE,EUR,500,500,
SPORTS409,,DEFAULT,DE,EUR,999,999,
SPORTS410,,DEFAULT,DE,EUR,1499,1499,
SPORTS411,,DEFAULT,DE,EUR,2999,2999,
SPORTS412,,DEFAULT,DE,EUR,1000,1000,
SPORTS413,,DEFAULT,DE,EUR,200,200,
SPORTS414,,DEFAULT,DE,EUR,400,400,
SPORTS415,,DEFAULT,DE,EUR,1000,1000,
SPORTS416,,DEFAULT,DE,EUR,300,300,
SPORTS417,,DEFAULT,DE,EUR,1999,1999,
SPORTS418,,DEFAULT,DE,EUR,3999,3999,
SPORTS419,,DEFAULT,DE,EUR,2000,2000,
SPORTS420,,DEFAULT,DE,EUR,3000,3000,
SPORTS421,,DEFAULT,DE,EUR,99,99,
SPORTS422,,DEFAULT,DE,EUR,1000,1000,
SPORTS423,,DEFAULT,DE,EUR,1999,1999,
SPORTS424,,DEFAULT,DE,EUR,500,500,
SPORTS425,,DEFAULT,DE,EUR,2500,2500,
SPORTS426,,DEFAULT,DE,EUR,900,900,
SPORTS427,,DEFAULT,DE,EUR,1000,1000,
SPORTS428,,DEFAULT,DE,EUR,599,599,
SPORTS429,,DEFAULT,DE,EUR,5000,5000,
SPORTS430,,DEFAULT,DE,EUR,2000,2000,
SPORTS431,,DEFAULT,DE,EUR,19900,19900,
SPORTS432,,DEFAULT,DE,EUR,400,400,
SPORTS433,,DEFAULT,DE,EUR,5000,5000,
SPORTS434,,DEFAULT,DE,EUR,2000,2000,
SPORTS435,,DEFAULT,DE,EUR,500,500,
SPORTS436,,DEFAULT,DE,EUR,499,499,
SPORTS437,,DEFAULT,DE,EUR,1499,1499,
SPORTS438,,DEFAULT,DE,EUR,499,499,
SPORTS439,,DEFAULT,DE,EUR,3500,3500,
SPORTS440,,DEFAULT,DE,EUR,4500,4500,
SPORTS441,,DEFAULT,DE,EUR,3999,3999,
SPORTS442,,DEFAULT,DE,EUR,2000,2000,
SPORTS443,,DEFAULT,DE,EUR,3999,3999,
SPORTS444,,DEFAULT,DE,EUR,3999,3999,
SPORTS445,,DEFAULT,DE,EUR,1000,1000,
SPORTS446,,DEFAULT,DE,EUR,1000,1000,
SPORTS447,,DEFAULT,DE,EUR,5999,5999,
SPORTS448,,DEFAULT,DE,EUR,500,500,
SPORTS449,,DEFAULT,DE,EUR,4000,4000,
SPORTS450,,DEFAULT,DE,EUR,8999,8999,
SPORTS451,,DEFAULT,DE,EUR,400,400,
SPORTS452,,DEFAULT,DE,EUR,800,800,
SPORTS453,,DEFAULT,DE,EUR,999,999,
SPORTS454,,DEFAULT,DE,EUR,1000,1000,
SPORTS455,,DEFAULT,DE,EUR,1500,1500,
SPORTS456,,DEFAULT,DE,EUR,4500,4500,
SPORTS457,,DEFAULT,DE,EUR,2000,2000,
SPORTS458,,DEFAULT,DE,EUR,1499,1499,
SPORTS459,,DEFAULT,DE,EUR,400,400,
SPORTS460,,DEFAULT,DE,EUR,3499,3499,
SPORTS461,,DEFAULT,DE,EUR,1000,1000,
SPORTS462,,DEFAULT,DE,EUR,2000,2000,
SPORTS463,,DEFAULT,DE,EUR,2500,2500,
SPORTS464,,DEFAULT,DE,EUR,2000,2000,
SPORTS465,,DEFAULT,DE,EUR,2000,2000,
SPORTS466,,DEFAULT,DE,EUR,500,500,
SPORTS467,,DEFAULT,DE,EUR,3999,3999,
SPORTS468,,DEFAULT,DE,EUR,1999,1999,
SPORTS469,,DEFAULT,DE,EUR,3000,3000,
SPORTS470,,DEFAULT,DE,EUR,1499,1499,
SPORTS471,,DEFAULT,DE,EUR,500,500,
SPORTS472,,DEFAULT,DE,EUR,1000,1000,
SPORTS473,,DEFAULT,DE,EUR,300,300,
SPORTS474,,DEFAULT,DE,EUR,400,400,
SPORTS475,,DEFAULT,DE,EUR,500,500,
SPORTS476,,DEFAULT,DE,EUR,2500,2500,
SPORTS477,,DEFAULT,DE,EUR,8000,8000,
SPORTS478,,DEFAULT,DE,EUR,3999,3999,
SPORTS479,,DEFAULT,DE,EUR,699,699,
SPORTS480,,DEFAULT,DE,EUR,799,799,
SPORTS481,,DEFAULT,DE,EUR,2499,2499,
SPORTS482,,DEFAULT,DE,EUR,2299,2299,
SPORTS483,,DEFAULT,DE,EUR,2000,2000,
SPORTS484,,DEFAULT,DE,EUR,500,500,
SPORTS485,,DEFAULT,DE,EUR,1500,1500,
SPORTS486,,DEFAULT,DE,EUR,1999,1999,
SPORTS487,,DEFAULT,DE,EUR,500,500,
SPORTS488,,DEFAULT,DE,EUR,7000,7000,
SPORTS489,,DEFAULT,DE,EUR,1000,1000,
SPORTS490,,DEFAULT,DE,EUR,1999,1999,
SPORTS491,,DEFAULT,DE,EUR,2499,2499,
SPORTS492,,DEFAULT,DE,EUR,3999,3999,
SPORTS493,,DEFAULT,DE,EUR,3500,3500,
SPORTS494,,DEFAULT,DE,EUR,999,999,
SPORTS495,,DEFAULT,DE,EUR,3000,3000,
SPORTS496,,DEFAULT,DE,EUR,4999,4999,
SPORTS497,,DEFAULT,DE,EUR,300,300,
SPORTS498,,DEFAULT,DE,EUR,3999,3999,
SPORTS499,,DEFAULT,DE,EUR,500,500,
SPORTS500,,DEFAULT,DE,EUR,1000,1000,
SPORTS501,,DEFAULT,DE,EUR,7999,7999,
SPORTS502,,DEFAULT,DE,EUR,3500,3500,
SPORTS503,,DEFAULT,DE,EUR,3000,3000,
SPORTS504,,DEFAULT,DE,EUR,2000,2000,
SPORTS505,,DEFAULT,DE,EUR,1000,1000,
SPORTS506,,DEFAULT,DE,EUR,500,500,
SPORTS507,,DEFAULT,DE,EUR,5000,5000,
SPORTS508,,DEFAULT,DE,EUR,10000,10000,
SPORTS509,,DEFAULT,DE,EUR,2499,2499,
SPORTS510,,DEFAULT,DE,EUR,3500,3500,
SPORTS511,,DEFAULT,DE,EUR,1299,1299,
SPORTS512,,DEFAULT,DE,EUR,4000,4000,
SPORTS513,,DEFAULT,DE,EUR,1499,1499,
SPORTS514,,DEFAULT,DE,EUR,500,500,
SPORTS515,,DEFAULT,DE,EUR,1699,1699,
SPORTS516,,DEFAULT,DE,EUR,4999,4999,
SPORTS517,,DEFAULT,DE,EUR,1000,1000,
SPORTS518,,DEFAULT,DE,EUR,6999,6999,
SPORTS519,,DEFAULT,DE,EUR,5000,5000,
SPORTS520,,DEFAULT,DE,EUR,2000,2000,
SPORTS521,,DEFAULT,DE,EUR,2000,2000,
SPORTS522,,DEFAULT,DE,EUR,999,999,
SPORTS523,,DEFAULT,DE,EUR,4999,4999,
SPORTS524,,DEFAULT,DE,EUR,2499,2499,
SPORTS525,,DEFAULT,DE,EUR,1000,1000,
SPORTS526,,DEFAULT,DE,EUR,2999,2999,
SPORTS527,,DEFAULT,DE,EUR,2499,2499,
SPORTS528,,DEFAULT,DE,EUR,699,699,
SPORTS529,,DEFAULT,DE,EUR,1500,1500,
SPORTS530,,DEFAULT,DE,EUR,1000,1000,
SPORTS531,,DEFAULT,DE,EUR,500,500,
SPORTS532,,DEFAULT,DE,EUR,1299,1299,
SPORTS533,,DEFAULT,DE,EUR,500,500,
SPORTS534,,DEFAULT,DE,EUR,1500,1500,
SPORTS535,,DEFAULT,DE,EUR,1999,1999,
SPORTS536,,DEFAULT,DE,EUR,2500,2500,
SPORTS537,,DEFAULT,DE,EUR,1000,1000,
SPORTS538,,DEFAULT,DE,EUR,2500,2500,
SPORTS539,,DEFAULT,DE,EUR,1000,1000,
SPORTS540,,DEFAULT,DE,EUR,500,500,
SPORTS541,,DEFAULT,DE,EUR,1000,1000,
SPORTS542,,DEFAULT,DE,EUR,700,700,
SPORTS543,,DEFAULT,DE,EUR,1000,1000,
SPORTS544,,DEFAULT,DE,EUR,1000,1000,
SPORTS545,,DEFAULT,DE,EUR,500,500,
SPORTS546,,DEFAULT,DE,EUR,400,400,
SPORTS547,,DEFAULT,DE,EUR,1299,1299,
SPORTS548,,DEFAULT,DE,EUR,1000,1000,
SPORTS549,,DEFAULT,DE,EUR,1000,1000,
SPORTS550,,DEFAULT,DE,EUR,1000,1000,
SPORTS551,,DEFAULT,DE,EUR,800,800,
SPORTS552,,DEFAULT,DE,EUR,499,499,
SPORTS553,,DEFAULT,DE,EUR,3000,3000,
SPORTS554,,DEFAULT,DE,EUR,1500,1500,
SPORTS555,,DEFAULT,DE,EUR,1000,1000,
SPORTS556,,DEFAULT,DE,EUR,1500,1500,
SPORTS557,,DEFAULT,DE,EUR,500,500,
SPORTS558,,DEFAULT,DE,EUR,1000,1000,
SPORTS559,,DEFAULT,DE,EUR,1999,1999,
SPORTS560,,DEFAULT,DE,EUR,499,499,
SPORTS561,,DEFAULT,DE,EUR,900,900,
SPORTS562,,DEFAULT,DE,EUR,2000,2000,
SPORTS563,,DEFAULT,DE,EUR,2500,2500,
SPORTS564,,DEFAULT,DE,EUR,500,500,
SPORTS565,,DEFAULT,DE,EUR,1000,1000,
SPORTS566,,DEFAULT,DE,EUR,1599,1599,
SPORTS567,,DEFAULT,DE,EUR,1000,1000,
SPORTS568,,DEFAULT,DE,EUR,1000,1000,
SPORTS569,,DEFAULT,DE,EUR,1500,1500,
SPORTS570,,DEFAULT,DE,EUR,1000,1000,
SPORTS571,,DEFAULT,DE,EUR,1000,1000,
SPORTS572,,DEFAULT,DE,EUR,3499,3499,
SPORTS573,,DEFAULT,DE,EUR,2099,2099,
SPORTS574,,DEFAULT,DE,EUR,2299,2299,
SPORTS575,,DEFAULT,DE,EUR,999,999,
SPORTS576,,DEFAULT,DE,EUR,2499,2499,
SPORTS577,,DEFAULT,DE,EUR,2999,2999,
SPORTS578,,DEFAULT,DE,EUR,5000,5000,
SPORTS579,,DEFAULT,DE,EUR,400,400,
SPORTS580,,DEFAULT,DE,EUR,2000,2000,
SPORTS581,,DEFAULT,DE,EUR,2000,2000,
SPORTS582,,DEFAULT,DE,EUR,1500,1500,
SPORTS583,,DEFAULT,DE,EUR,300,300,
SPORTS584,,DEFAULT,DE,EUR,1000,1000,
SPORTS585,,DEFAULT,DE,EUR,1999,1999,
SPORTS586,,DEFAULT,DE,EUR,2000,2000,
SPORTS587,,DEFAULT,DE,EUR,999,999,
SPORTS588,,DEFAULT,DE,EUR,200,200,
SPORTS589,,DEFAULT,DE,EUR,1000,1000,
SPORTS590,,DEFAULT,DE,EUR,1299,1299,
SPORTS591,,DEFAULT,DE,EUR,3000,3000,
SPORTS592,,DEFAULT,DE,EUR,1699,1699,
SPORTS593,,DEFAULT,DE,EUR,1699,1699,
SPORTS594,,DEFAULT,DE,EUR,500,500,
SPORTS595,,DEFAULT,DE,EUR,700,700,
SPORTS596,,DEFAULT,DE,EUR,699,699,
SPORTS597,,DEFAULT,DE,EUR,1000,1000,
SPORTS598,,DEFAULT,DE,EUR,2500,2500,
SPORTS599,,DEFAULT,DE,EUR,500,500,
SPORTS600,,DEFAULT,DE,EUR,300,300,
SPORTS601,,DEFAULT,DE,EUR,6999,6999,
SPORTS602,,DEFAULT,DE,EUR,500,500,
SPORTS603,,DEFAULT,DE,EUR,1299,1299,
SPORTS604,,DEFAULT,DE,EUR,400,400,
SPORTS605,,DEFAULT,DE,EUR,400,400,
SPORTS606,,DEFAULT,DE,EUR,1000,1000,
SPORTS607,,DEFAULT,DE,EUR,1699,1699,
SPORTS608,,DEFAULT,DE,EUR,1000,1000,
SPORTS609,,DEFAULT,DE,EUR,1500,1500,
SPORTS610,,DEFAULT,DE,EUR,1500,1500,
SPORTS611,,DEFAULT,DE,EUR,1000,1000,
SPORTS612,,DEFAULT,DE,EUR,1000,1000,
SPORTS613,,DEFAULT,DE,EUR,2500,2500,
SPORTS614,,DEFAULT,DE,EUR,400,400,
SPORTS615,,DEFAULT,DE,EUR,500,500,
SPORTS616,,DEFAULT,DE,EUR,200,200,
SPORTS617,,DEFAULT,DE,EUR,500,500,
SPORTS618,,DEFAULT,DE,EUR,2000,2000,
SPORTS619,,DEFAULT,DE,EUR,700,700,
SPORTS620,,DEFAULT,DE,EUR,3000,3000,
SPORTS621,,DEFAULT,DE,EUR,1500,1500,
SPORTS622,,DEFAULT,DE,EUR,1500,1500,
SPORTS623,,DEFAULT,DE,EUR,1500,1500,
SPORTS624,,DEFAULT,DE,EUR,300,300,
SPORTS625,,DEFAULT,DE,EUR,800,800,
SPORTS626,,DEFAULT,DE,EUR,1000,1000,
SPORTS627,,DEFAULT,DE,EUR,500,500,
SPORTS628,,DEFAULT,DE,EUR,700,700,
SPORTS629,,DEFAULT,DE,EUR,1499,1499,
SPORTS630,,DEFAULT,DE,EUR,3000,3000,
SPORTS631,,DEFAULT,DE,EUR,500,500,
SPORTS632,,DEFAULT,DE,EUR,500,500,
SPORTS633,,DEFAULT,DE,EUR,1000,1000,
SPORTS634,,DEFAULT,DE,EUR,800,800,
SPORTS635,,DEFAULT,DE,EUR,2500,2500,
SPORTS636,,DEFAULT,DE,EUR,500,500,
SPORTS637,,DEFAULT,DE,EUR,1500,1500,
SPORTS638,,DEFAULT,DE,EUR,1500,1500,
